{
  "bootstrap_ci": {
    "auroc": [
      0.9838970414536921,
      0.9996833726861966
    ],
    "sens": [
      0.9622641509433962,
      0.9959522299725216
    ],
    "spec": [
      0.9841261952096941,
      0.9960785273952872
    ],
    "ppv": [
      0.9279279279279279,
      0.9814814814814815
    ],
    "npv": [
      0.9920157686624753,
      0.999043062200957
    ],
    "f1": [
      0.9513730378491646,
      0.9838337182448037
    ],
    "hem_auroc": [
      0.9839373219371933,
      0.999688626761372
    ],
    "hem_sens": [
      0.9181818181818182,
      0.9764150943396226
    ],
    "dice": [
      0.9168797041979144,
      0.9307165135824382
    ]
  },
  "dice_ci": [
    0.9168797041979144,
    0.9307165135824382
  ],
  "ischemic_subgroup": {
    "n_test": 0,
    "auroc": 0.0,
    "sensitivity": 0.0,
    "specificity": 0.0,
    "ppv": 0.0,
    "f1": 0.0,
    "note": "No ischemic masks in dataset; classification only via label"
  },
  "gradcam": {
    "nos_scores": [
      0.03044776119402985,
      0.0023880597014925373,
      0.0025870646766169153
    ],
    "mean_nos": 0.011807628524046434
  }
}